﻿Domain Code,Domain,Area Code (M49),Area,Element Code,Element,Item Code (CPC),Item,Year Code,Year,Unit,Value,Flag,Flag Description,Note
QCL,Crops and livestock products,356,India,5412,Yield,113,Rice,2019,2019,kg/ha,4083.6,A,Official figure,
QCL,Crops and livestock products,356,India,5412,Yield,113,Rice,2020,2020,kg/ha,4075.7,A,Official figure,
QCL,Crops and livestock products,356,India,5412,Yield,113,Rice,2021,2021,kg/ha,4196.2,A,Official figure,
QCL,Crops and livestock products,356,India,5412,Yield,113,Rice,2022,2022,kg/ha,4257.1,A,Official figure,
QCL,Crops and livestock products,356,India,5412,Yield,113,Rice,2023,2023,kg/ha,4322.3,A,Official figure,
